{"cameraMode":{"drawMode":0,"name":"Shaded","section":"Shading Mode"},"sceneLighting":false,"audioPlay":false,"sceneViewState":{"showFog":true,"showMaterialUpdate":false,"showSkybox":false,"showFlares":true,"showImageEffects":true,"showParticleSystems":true},"in2DMode":false,"pivot":{"x":12.912875175476075,"y":2.306596517562866,"z":0.2996584177017212},"rotation":{"x":0.0014953796053305269,"y":0.07852092385292053,"z":-0.00011778223415603861,"w":0.9969115257263184},"size":16.042030334472658,"orthographic":true}