{"cameraMode":{"drawMode":0,"name":"Shaded","section":"Shading Mode"},"sceneLighting":false,"audioPlay":false,"sceneViewState":{"showFog":true,"showMaterialUpdate":false,"showSkybox":false,"showFlares":true,"showImageEffects":true,"showParticleSystems":true},"in2DMode":false,"pivot":{"x":-1.4448655843734742,"y":0.44610485434532168,"z":3.558420181274414},"rotation":{"x":-0.007452466059476137,"y":-0.11225973069667816,"z":-0.0008420273079536855,"w":0.993651807308197},"size":7.020771026611328,"orthographic":false}